RequestID,Timestamp,Data
0,2025-05-05T04:42:33.114982,payload-0
1,2025-05-05T04:42:33.174869,payload-1
2,2025-05-05T04:42:33.227638,payload-2
3,2025-05-05T04:42:33.282654,payload-3
4,2025-05-05T04:42:33.339529,payload-4
5,2025-05-05T04:42:33.395031,payload-5
6,2025-05-05T04:42:33.449603,payload-6
7,2025-05-05T04:42:33.506744,payload-7
8,2025-05-05T04:42:33.562394,payload-8
9,2025-05-05T04:42:33.619193,payload-9
10,2025-05-05T04:42:33.675755,payload-10
11,2025-05-05T04:42:33.728352,payload-11
12,2025-05-05T04:42:33.780479,payload-12
13,2025-05-05T04:42:33.834949,payload-13
14,2025-05-05T04:42:33.891752,payload-14
15,2025-05-05T04:42:33.953099,payload-15
16,2025-05-05T04:42:34.006860,payload-16
17,2025-05-05T04:42:34.065016,payload-17
18,2025-05-05T04:42:34.117327,payload-18
19,2025-05-05T04:42:34.174176,payload-19
20,2025-05-05T04:42:34.228429,payload-20
21,2025-05-05T04:42:34.285470,payload-21
22,2025-05-05T04:42:34.342172,payload-22
23,2025-05-05T04:42:34.399017,payload-23
24,2025-05-05T04:42:34.455983,payload-24
25,2025-05-05T04:42:34.512612,payload-25
26,2025-05-05T04:42:34.569729,payload-26
27,2025-05-05T04:42:34.626708,payload-27
28,2025-05-05T04:42:34.684029,payload-28
29,2025-05-05T04:42:34.741855,payload-29
30,2025-05-05T04:42:34.798458,payload-30
31,2025-05-05T04:42:34.856373,payload-31
32,2025-05-05T04:42:34.913270,payload-32
33,2025-05-05T04:42:34.969934,payload-33
34,2025-05-05T04:42:35.023316,payload-34
35,2025-05-05T04:42:35.078329,payload-35
36,2025-05-05T04:42:35.135651,payload-36
37,2025-05-05T04:42:35.193364,payload-37
38,2025-05-05T04:42:35.251563,payload-38
39,2025-05-05T04:42:35.309049,payload-39
40,2025-05-05T04:42:35.367232,payload-40
41,2025-05-05T04:42:35.425221,payload-41
42,2025-05-05T04:42:35.483395,payload-42
43,2025-05-05T04:42:35.541198,payload-43
44,2025-05-05T04:42:35.594926,payload-44
45,2025-05-05T04:42:35.651807,payload-45
46,2025-05-05T04:42:35.705370,payload-46
47,2025-05-05T04:42:35.762508,payload-47
48,2025-05-05T04:42:35.817472,payload-48
49,2025-05-05T04:42:35.871330,payload-49
50,2025-05-05T04:42:35.929474,payload-50
51,2025-05-05T04:42:35.987824,payload-51
52,2025-05-05T04:42:36.046496,payload-52
53,2025-05-05T04:42:36.102537,payload-53
54,2025-05-05T04:42:36.161401,payload-54
55,2025-05-05T04:42:36.219967,payload-55
56,2025-05-05T04:42:36.276115,payload-56
57,2025-05-05T04:42:36.334389,payload-57
58,2025-05-05T04:42:36.393069,payload-58
59,2025-05-05T04:42:36.453461,payload-59
60,2025-05-05T04:42:36.511482,payload-60
61,2025-05-05T04:42:36.571797,payload-61
62,2025-05-05T04:42:36.632266,payload-62
63,2025-05-05T04:42:36.691663,payload-63
64,2025-05-05T04:42:36.750221,payload-64
65,2025-05-05T04:42:36.803540,payload-65
66,2025-05-05T04:42:36.859958,payload-66
67,2025-05-05T04:42:36.917956,payload-67
68,2025-05-05T04:42:36.973795,payload-68
69,2025-05-05T04:42:37.031489,payload-69
70,2025-05-05T04:42:37.086863,payload-70
71,2025-05-05T04:42:37.140195,payload-71
72,2025-05-05T04:42:37.194740,payload-72
73,2025-05-05T04:42:37.251218,payload-73
74,2025-05-05T04:42:37.308679,payload-74
75,2025-05-05T04:42:37.362916,payload-75
76,2025-05-05T04:42:37.420283,payload-76
77,2025-05-05T04:42:37.477604,payload-77
78,2025-05-05T04:42:37.535423,payload-78
79,2025-05-05T04:42:37.593293,payload-79
80,2025-05-05T04:42:37.650709,payload-80
81,2025-05-05T04:42:37.705789,payload-81
82,2025-05-05T04:42:37.759717,payload-82
83,2025-05-05T04:42:37.817220,payload-83
84,2025-05-05T04:42:37.871419,payload-84
85,2025-05-05T04:42:37.928051,payload-85
86,2025-05-05T04:42:37.985815,payload-86
87,2025-05-05T04:42:38.042584,payload-87
88,2025-05-05T04:42:38.096487,payload-88
89,2025-05-05T04:42:38.153957,payload-89
90,2025-05-05T04:42:38.207384,payload-90
91,2025-05-05T04:42:38.264461,payload-91
92,2025-05-05T04:42:38.322494,payload-92
93,2025-05-05T04:42:38.380343,payload-93
94,2025-05-05T04:42:38.438664,payload-94
95,2025-05-05T04:42:38.494598,payload-95
96,2025-05-05T04:42:38.555643,payload-96
97,2025-05-05T04:42:38.612879,payload-97
98,2025-05-05T04:42:38.670366,payload-98
99,2025-05-05T04:42:38.726999,payload-99
